timestamp,zone,sensor,metric,observed_value,expected_range,z_score,severity,status
2026-10-06 16:45:00,Zone B,Entry Sensor,Entry Sensor,6.0,0.0 – 3.5,4.09,Informational,Unresolved
2026-10-06 01:00:00,Zone B,Exit Sensor,Exit Sensor,6.0,0.0 – 3.5,4.11,Informational,Unresolved
2026-10-05 10:30:00,Zone B,Entry Sensor,Entry Sensor,8.0,0.0 – 3.5,5.77,Critical,Unresolved
2026-10-05 10:00:00,Zone B,Entry Sensor,Entry Sensor,6.0,0.0 – 3.5,4.09,Informational,Unresolved
2026-10-05 08:00:00,Zone A,Vehicle Count,Vehicle Count,110.0,0.0 – 51.3,5.82,Critical,Unresolved
2026-10-04 01:30:00,Zone A,Exit Sensor,Exit Sensor,6.0,0.0 – 3.5,4.11,Informational,Unresolved
2026-10-03 18:00:00,Zone C,Entry Sensor,Entry Sensor,7.0,0.0 – 3.5,4.93,Warning,Unresolved
2026-10-03 03:00:00,Zone A,Exit Sensor,Exit Sensor,7.0,0.0 – 3.5,4.95,Warning,Unresolved
2026-10-01 19:45:00,Zone C,Entry Sensor,Entry Sensor,65.0,0.0 – 3.5,53.44,Critical,Unresolved
2026-10-01 07:45:00,Zone B,Entry Sensor,Entry Sensor,6.0,0.0 – 3.5,4.09,Informational,Unresolved
2026-10-01 07:00:00,Zone B,Entry Sensor,Entry Sensor,6.0,0.0 – 3.5,4.09,Informational,Unresolved
2026-09-30 16:15:00,Zone B,Exit Sensor,Exit Sensor,6.0,0.0 – 3.5,4.11,Informational,Unresolved
2026-09-30 00:45:00,Zone B,Exit Sensor,Exit Sensor,6.0,0.0 – 3.5,4.11,Informational,Unresolved
2026-09-29 11:15:00,Zone B,Entry Sensor,Entry Sensor,6.0,0.0 – 3.5,4.09,Informational,Unresolved
2026-09-29 08:45:00,Zone C,Entry Sensor,Entry Sensor,6.0,0.0 – 3.5,4.09,Informational,Unresolved
2026-09-29 01:15:00,Zone B,Exit Sensor,Exit Sensor,6.0,0.0 – 3.5,4.11,Informational,Unresolved
2026-09-28 22:15:00,Zone B,Exit Sensor,Exit Sensor,6.0,0.0 – 3.5,4.11,Informational,Unresolved
2026-09-28 22:00:00,Zone C,Exit Sensor,Exit Sensor,6.0,0.0 – 3.5,4.11,Informational,Unresolved
2026-09-28 18:15:00,Zone C,Entry Sensor,Entry Sensor,6.0,0.0 – 3.5,4.09,Informational,Unresolved
2026-09-28 17:30:00,Zone B,Entry Sensor,Entry Sensor,6.0,0.0 – 3.5,4.09,Informational,Unresolved
2026-09-28 09:30:00,Zone A,Vehicle Count,Vehicle Count,122.0,0.0 – 51.3,6.6,Critical,Unresolved
2026-09-28 08:30:00,Zone C,Entry Sensor,Entry Sensor,6.0,0.0 – 3.5,4.09,Informational,Unresolved
2026-09-28 03:30:00,Zone A,Vehicle Count,Vehicle Count,123.0,0.0 – 51.3,6.67,Critical,Unresolved
2026-09-27 23:30:00,Zone B,Exit Sensor,Exit Sensor,6.0,0.0 – 3.5,4.11,Informational,Unresolved
2026-09-27 22:45:00,Zone B,Exit Sensor,Exit Sensor,7.0,0.0 – 3.5,4.95,Warning,Unresolved
2026-09-27 16:30:00,Zone B,Exit Sensor,Exit Sensor,6.0,0.0 – 3.5,4.11,Informational,Unresolved
2026-09-27 05:30:00,Zone B,Vehicle Count,Vehicle Count,99.0,0.0 – 51.3,5.1,Critical,Unresolved
2026-09-27 00:30:00,Zone B,Exit Sensor,Exit Sensor,7.0,0.0 – 3.5,4.95,Warning,Unresolved
2026-09-25 06:30:00,Zone A,Vehicle Count,Vehicle Count,127.0,0.0 – 51.3,6.93,Critical,Unresolved
2026-09-24 16:15:00,Zone B,Exit Sensor,Exit Sensor,62.0,0.0 – 3.5,51.1,Critical,Unresolved
2026-09-24 10:45:00,Zone C,Entry Sensor,Entry Sensor,6.0,0.0 – 3.5,4.09,Informational,Unresolved
2026-09-24 10:30:00,Zone A,Vehicle Count,Vehicle Count,147.0,0.0 – 51.3,8.23,Critical,Unresolved
2026-09-23 23:45:00,Zone B,Exit Sensor,Exit Sensor,6.0,0.0 – 3.5,4.11,Informational,Unresolved
2026-09-23 12:00:00,Zone A,Entry Sensor,Entry Sensor,32.0,0.0 – 3.5,25.84,Critical,Unresolved
2026-09-23 07:00:00,Zone A,Exit Sensor,Exit Sensor,79.0,0.0 – 3.5,65.36,Critical,Unresolved
2026-09-23 01:30:00,Zone A,Entry Sensor,Entry Sensor,76.0,0.0 – 3.5,62.64,Critical,Unresolved
2026-09-22 03:45:00,Zone A,Vehicle Count,Vehicle Count,100.0,0.0 – 51.3,5.17,Critical,Unresolved
2026-09-20 23:15:00,Zone B,Exit Sensor,Exit Sensor,6.0,0.0 – 3.5,4.11,Informational,Unresolved
2026-09-20 23:00:00,Zone A,Vehicle Count,Vehicle Count,121.0,0.0 – 51.3,6.54,Critical,Unresolved
2026-09-20 22:15:00,Zone A,Exit Sensor,Exit Sensor,6.0,0.0 – 3.5,4.11,Informational,Unresolved
2026-09-20 17:00:00,Zone B,Entry Sensor,Entry Sensor,6.0,0.0 – 3.5,4.09,Informational,Unresolved
2026-09-20 10:00:00,Zone B,Entry Sensor,Entry Sensor,6.0,0.0 – 3.5,4.09,Informational,Unresolved
2026-09-20 08:00:00,Zone C,Entry Sensor,Entry Sensor,6.0,0.0 – 3.5,4.09,Informational,Unresolved
2026-09-19 09:00:00,Zone B,Entry Sensor,Entry Sensor,6.0,0.0 – 3.5,4.09,Informational,Unresolved
2026-09-19 02:30:00,Zone A,Exit Sensor,Exit Sensor,6.0,0.0 – 3.5,4.11,Informational,Unresolved
2026-09-18 23:00:00,Zone B,Exit Sensor,Exit Sensor,6.0,0.0 – 3.5,4.11,Informational,Unresolved
2026-09-18 05:30:00,Zone B,Exit Sensor,Exit Sensor,6.0,0.0 – 3.5,4.11,Informational,Unresolved
2026-09-18 02:30:00,Zone C,Entry Sensor,Entry Sensor,75.0,0.0 – 3.5,61.8,Critical,Unresolved
2026-09-17 22:30:00,Zone A,Exit Sensor,Exit Sensor,6.0,0.0 – 3.5,4.11,Informational,Unresolved
2026-09-16 08:00:00,Zone A,Entry Sensor,Entry Sensor,6.0,0.0 – 3.5,4.09,Informational,Unresolved
2026-09-16 01:30:00,Zone B,Exit Sensor,Exit Sensor,6.0,0.0 – 3.5,4.11,Informational,Unresolved
2026-09-15 09:00:00,Zone B,Entry Sensor,Entry Sensor,6.0,0.0 – 3.5,4.09,Informational,Unresolved
2026-09-14 21:15:00,Zone C,Exit Sensor,Exit Sensor,7.0,0.0 – 3.5,4.95,Warning,Unresolved
2026-09-14 03:15:00,Zone A,Exit Sensor,Exit Sensor,6.0,0.0 – 3.5,4.11,Informational,Unresolved
2026-09-13 22:00:00,Zone B,Exit Sensor,Exit Sensor,6.0,0.0 – 3.5,4.11,Informational,Unresolved
2026-09-13 14:45:00,Zone B,Exit Sensor,Exit Sensor,7.0,0.0 – 3.5,4.95,Warning,Unresolved
2026-09-13 02:00:00,Zone A,Exit Sensor,Exit Sensor,6.0,0.0 – 3.5,4.11,Informational,Unresolved
2026-09-12 12:15:00,Zone B,Exit Sensor,Exit Sensor,6.0,0.0 – 3.5,4.11,Informational,Unresolved
2026-09-12 09:15:00,Zone A,Entry Sensor,Entry Sensor,6.0,0.0 – 3.5,4.09,Informational,Unresolved
2026-09-12 02:30:00,Zone A,Entry Sensor,Entry Sensor,28.0,0.0 – 3.5,22.49,Critical,Unresolved
2026-09-12 01:30:00,Zone B,Exit Sensor,Exit Sensor,6.0,0.0 – 3.5,4.11,Informational,Unresolved
2026-09-11 20:30:00,Zone C,Exit Sensor,Exit Sensor,6.0,0.0 – 3.5,4.11,Informational,Unresolved
2026-09-11 15:45:00,Zone A,Vehicle Count,Vehicle Count,100.0,0.0 – 51.3,5.17,Critical,Unresolved
2026-09-09 22:00:00,Zone B,Vehicle Count,Vehicle Count,119.0,0.0 – 51.3,6.4,Critical,Unresolved
2026-09-09 18:00:00,Zone C,Entry Sensor,Entry Sensor,46.0,0.0 – 3.5,37.55,Critical,Unresolved
2026-09-09 03:15:00,Zone B,Exit Sensor,Exit Sensor,7.0,0.0 – 3.5,4.95,Warning,Unresolved
2026-09-08 06:00:00,Zone B,Entry Sensor,Entry Sensor,7.0,0.0 – 3.5,4.93,Warning,Unresolved
2026-09-08 05:30:00,Zone C,Entry Sensor,Entry Sensor,32.0,0.0 – 3.5,25.84,Critical,Unresolved
2026-09-07 22:15:00,Zone B,Entry Sensor,Entry Sensor,67.0,0.0 – 3.5,55.11,Critical,Unresolved
2026-09-07 14:00:00,Zone A,Vehicle Count,Vehicle Count,121.0,0.0 – 51.3,6.54,Critical,Unresolved
2026-09-07 11:15:00,Zone C,Exit Sensor,Exit Sensor,6.0,0.0 – 3.5,4.11,Informational,Unresolved
2026-09-07 10:45:00,Zone B,Entry Sensor,Entry Sensor,6.0,0.0 – 3.5,4.09,Informational,Unresolved
